{"owner":{"displayName":"Data Lake Administrator","email":null,"enabled":true,"groups":["admin","user"],"systemName":"dladmin"},"allowedActions":{"actions":[{"systemName":"accessFeed","actions":[{"systemName":"editFeedSummary"},{"systemName":"accessFeedDetails","actions":[{"systemName":"editFeedDetails"},{"systemName":"deleteFeed"},{"systemName":"enableFeed"},{"systemName":"exportFeed"}]},{"systemName":"accessFeedOperations"},{"systemName":"changeFeedPermissions"}]}]},"roleMemberships":[],"id":"13b00552-a01b-4bcb-96ce-82e591e7e644","feedId":"13b00552-a01b-4bcb-96ce-82e591e7e644","templateId":"b4098feb-6892-42e5-8e70-6984164c9307","inputProcessorType":"org.apache.nifi.processors.standard.GetJMSTopic","templateName":"Index Text Service","properties":[],"schedule":{"schedulingPeriod":"1 sec","schedulingStrategy":"TIMER_DRIVEN","concurrentTasks":1,"preconditions":null},"feedName":"Index Text Service","systemFeedName":"index_text_service","description":"Global Index Text Service","tags":[],"dataOwner":"","category":{"owner":null,"allowedActions":null,"roleMemberships":[],"id":"b48d6369-d0b4-47d5-95f8-82a91a883bee","name":"System","systemName":"system","icon":"cloud","iconColor":"#FFCA28","description":"System Data","securityGroups":null,"userFields":null,"userProperties":null,"relatedFeeds":0,"createDate":1493582507253,"updateDate":1493582513094},"table":{"fieldStructure":"","existingTableName":null,"tableSchema":{"name":null,"description":"","charset":null,"properties":{},"fields":[],"schemaName":null,"databaseName":null,"id":"2f3b64d1-966d-4d73-aeaa-ddb4b9ea4bd4"},"sourceTableSchema":{"name":"NA","description":"","charset":null,"properties":{},"fields":[],"schemaName":null,"databaseName":null,"id":"6d6ade8e-7eda-4eed-be0c-5cc3d187dcab"},"feedTableSchema":null,"method":"MANUAL","description":"","fieldPolicies":[],"partitions":[],"tableType":null,"incrementalDateField":null,"sourceTableIncrementalDateField":null,"options":{"compress":false,"auditLogging":true,"encrypt":false,"trackHistory":false,"compressionFormat":null},"feedFormat":"ROW FORMAT SERDE 'org.apache.hadoop.hive.serde2.OpenCSVSerde' WITH SERDEPROPERTIES ( 'separatorChar' = ',' ,'escapeChar' = '\\' ,'quoteChar' = '\"') STORED AS TEXTFILE","targetFormat":null,"targetTblProperties":"","targetMergeStrategy":"DEDUPE_AND_MERGE","fieldPoliciesJson":"[]","fieldIndexString":"","partitionStructure":"","partitionSpecs":"","fieldsString":"","sourceFields":"NA","sourceFieldsCommaString":"NA","feedFieldStructure":"","nullableFields":"","primaryKeyFields":""},"createDate":1493582513094,"updateDate":1493582513094,"dataTransformation":{"chartViewModel":null,"datasourceIds":null,"dataTransformScript":null,"sql":null,"states":[]},"active":true,"state":"ENABLED","nifiProcessGroupId":"c0747f41-015b-1000-13a3-261661009eeb","options":{"skipHeader":false},"version":0,"versionName":null,"registeredTemplate":{"owner":{"displayName":"Data Lake Administrator","email":null,"enabled":true,"groups":["admin","user"],"systemName":"dladmin"},"allowedActions":{"actions":[{"systemName":"accessTemplate","actions":[{"systemName":"editTemplate"},{"systemName":"deleteTemplate"},{"systemName":"exportTemplate"},{"systemName":"createFeedFromTemplate"},{"systemName":"changeTemplatePermissions"}]}]},"roleMemberships":[],"properties":[],"nonInputProcessors":[],"inputProcessors":[{"properties":[],"type":"org.apache.nifi.jms.processors.ConsumeJMS","name":"Receive Index Request","id":"764435d4-0159-1000-0000-000000000000","groupName":null,"groupId":"22e95f53-0159-1000-0000-000000000000","inputProcessor":true,"userDefinedInputProcessor":false}],"id":"b4098feb-6892-42e5-8e70-6984164c9307","nifiTemplateId":"88815706-3806-49f8-ae32-fbbafa071f9e","templateName":"Index Text Service","updateDate":1493582513094,"createDate":1493582511452,"icon":"message","iconColor":"#66BB6A","description":"Global Text Index Service","state":"ENABLED","defineTable":false,"reusableTemplate":false,"reusableTemplateConnections":[],"registeredDatasourceDefinitions":[],"order":2,"templateOrder":null,"feedsCount":1,"stream":false,"configurationProperties":[],"sensitiveProperties":[],"allowPreconditions":false,"dataTransformation":false,"isStream":false},"userProperties":[],"hadoopSecurityGroups":null,"hadoopAuthorizationType":null,"securityGroups":[],"usedByFeeds":[],"userDatasources":null,"configurationProperties":[],"categoryId":"b48d6369-d0b4-47d5-95f8-82a91a883bee","categoryIcon":"cloud","categoryIconColor":"#FFCA28","new":false,"categoryAndFeedDisplayName":"System.Index Text Service","categoryName":"System","sensitiveProperties":[],"systemCategoryName":"system","reusableFeed":false}