{"owner":{"displayName":"Data Lake Administrator","email":null,"enabled":true,"groups":["admin","user"],"systemName":"dladmin"},"allowedActions":{"actions":[{"systemName":"accessTemplate","actions":[{"systemName":"editTemplate"},{"systemName":"deleteTemplate"},{"systemName":"exportTemplate"},{"systemName":"createFeedFromTemplate"},{"systemName":"changeTemplatePermissions"}]}]},"roleMemberships":[],"properties":[],"nonInputProcessors":[],"inputProcessors":[],"id":"b4098feb-6892-42e5-8e70-6984164c9307","nifiTemplateId":"88815706-3806-49f8-ae32-fbbafa071f9e","templateName":"Index Text Service","updateDate":1493582513094,"createDate":1493582511452,"icon":"message","iconColor":"#66BB6A","description":"Global Text Index Service","state":"ENABLED","defineTable":false,"reusableTemplate":false,"reusableTemplateConnections":[],"registeredDatasourceDefinitions":[],"order":2,"templateOrder":null,"feedsCount":1,"stream":false,"configurationProperties":[],"sensitiveProperties":[],"allowPreconditions":false,"dataTransformation":false,"isStream":false}